Action,Explanation,Goal,Status
"Identify Top 10 Used Machines","Review inventory and select the 10 most marketable machines based on age, condition, and demand","Focus sales efforts on high-potential assets","Pending"
"Update Listings on Major Portals","Refresh and optimize ads on top used machinery platforms (Machineseeker, Exapro, Kitmondo, etc.)","Increase visibility and attract new leads","Pending"
"Contact Existing Leads","Reach out to all leads from the last 6 months with personalized follow-ups","Reactivate dormant opportunities and move them forward","Pending"
"Create Targeted Email Campaign","Send a professional email blast to segmented database (by industry, geography, or company size)","Generate new inbound inquiries","Pending"
"LinkedIn Prospecting","Identify and connect with 30+ relevant decision-makers (plant managers, production directors, asset managers)","Expand network and generate direct conversations","Pending"
"Publish Success Story","Share a recent successful sale or installation on LinkedIn and company website","Build credibility and attract interest","Pending"
"Schedule Virtual Demos","Offer live video walkthroughs of top machines to interested prospects","Increase engagement and trust","Pending"
"Contact Dealers & Brokers","Reach out to at least 5 machinery dealers/brokers for collaboration or co-brokerage","Expand sales channels and reach","Pending"
"Competitor Price Benchmarking","Analyze competitor listings and adjust pricing if needed","Ensure competitive positioning and faster sales","Pending"
"Daily Progress Review","Hold a 15-minute daily team huddle to review action status and blockers","Maintain momentum and accountability","Pending"
